new_ind,Hemoglobin,Hemoglobin A1c Levels,Mean Corpuscular Hemoglobin,Mean Corpuscular Hemoglobin Concentration,Mean Corpuscular Volume,Platelet Count,Red Blood Cell Count
Erythroblast 4,0.041852632,0.000205943,1.66e-10,0.000295972,1.05e-10,0.155494017,5.42e-05
Erythroblast 1,0.010575581,3.99e-06,1.89e-12,6.25e-05,4.51e-14,0.008463202,9.22e-07
Erythroblast 5,0.333287248,0.037335052,3.79e-08,0.000328508,2.21e-09,0.186826659,0.001443507
Erythroblast 3,0.206505144,0.000253791,2e-12,6.57e-05,2.7e-13,0.00876147,0.000105309
Erythroblast 2,0.010575581,1.51e-05,2e-12,1.47e-05,2.7e-13,0.008463202,4.21e-06
