new_ind,Chronic Hepatitis C Infection,Head Injury,Height
Skeletal Myocyte 2,0.442026288,0.131113955,0.166820517
Skeletal Myocyte 1,0.081360169,0.494318162,0.011267347
Skeletal Myocyte 3,0.114700573,0.184463701,0.137334371
Satellite 2,0.042895302,0.043959039,0.127332977
Satellite 1,0.0842302,0.128906666,0.040799315
