Name,Body Mass Index,Medication Use Agents on Renin Angiotensin System,Medication Use Calcium Channel Blockers,Type 2 Diabetes
Fasciculata,0.965863965,0.204573145,0.999956195,0.116415668
Cortical Epithelial,0.965863965,0.449318923,0.999956195,0.056240417
Transitional Cortical,0.965863965,0.080669962,0.198116155,0.033565494
Glomerulosa,0.965863965,0.061765936,0.178982756,0.072556515
