Name,Body Mass Index,Chronic Hepatitis C Infection,Glucose Levels,Medication Use Drugs Diabetes,Prostate Cancer,Type 2 Diabetes
Alpha 1,0.050847545,0.844678597,0.000583962,0.006327218,0.221970246,2.09E-05
Beta 1,0.007375951,0.786392103,1.05E-06,8.47E-06,0.39626711,1.28E-06
Delta+Gamma,0.014712737,0.818277539,1.47E-05,0.000246584,0.361344354,9.58E-06
Beta 2,0.007375951,0.844678597,1.34E-05,8.47E-06,0.341930573,5.36E-06
Alpha 2,0.057288933,0.786392103,0.001698408,0.00098631,0.126458115,2.81E-05
Gastric Neuroendocrine,0.027713707,0.844678597,0.001698408,2.76E-05,0.003780039,1.37E-06
